{
  "ts_delay": 0.0,
  "grid_dims": [
    9,
    9
  ],
  "grid_TL": {
    "x": 0.20364583333333333,
    "y": 0.10555555555555556
  },
  "shot_size": 34298
}