{
  "schema": "tt-beamer.global-defaults.v1",
  "savedAt": "2026-05-25T09:39:11.711Z",
  "source": "runtime-state",
  "audio": {
    "enabled": true,
    "volume": 0.7
  },
  "animationSpeed": 1,
  "diagnosticOverlay": false,
  "projectionMapping": {
    "corners": {
      "topLeft": {
        "x": 20.364583333333332,
        "y": 10.555555555555555
      },
      "topRight": {
        "x": 75.36458333333333,
        "y": 10.555555555555555
      },
      "bottomRight": {
        "x": 75.36458333333333,
        "y": 81.57407407407409
      },
      "bottomLeft": {
        "x": 20.364583333333332,
        "y": 81.57407407407409
      }
    }
  },
  "serverRendering": {
    "encoder": "auto",
    "resolutionPreference": "1080p",
    "fpsTarget": 30,
    "streamFpsCap": 60,
    "streamBitrateMbps": 16,
    "codecPreference": "vp9"
  }
}
