{
  "schema": "tt-beamer.global-defaults.v1",
  "savedAt": "2026-05-19T19:52:46.519Z",
  "source": "runtime-state",
  "audio": {
    "enabled": true,
    "volume": 0.7
  },
  "animationSpeed": 1,
  "diagnosticOverlay": false,
  "projectionMapping": {
    "corners": {
      "topLeft": {
        "x": 19.348958333333332,
        "y": 15.277777777777779
      },
      "topRight": {
        "x": 76.484375,
        "y": 15.277777777777779
      },
      "bottomRight": {
        "x": 76.484375,
        "y": 85.37037037037038
      },
      "bottomLeft": {
        "x": 19.348958333333332,
        "y": 85.37037037037038
      }
    }
  },
  "serverRendering": {
    "encoder": "auto",
    "qualityPreset": "extra-high",
    "resolutionPreference": "1080p",
    "fpsTarget": 30,
    "streamFpsCap": 60
  }
}
