{
  "schema": "tt-beamer.global-defaults.v1",
  "savedAt": "2026-05-25T13:15:02.963Z",
  "source": "runtime-state",
  "audio": {
    "enabled": true,
    "volume": 0.7
  },
  "animationSpeed": 1,
  "diagnosticOverlay": false,
  "projectionMapping": {
    "corners": {
      "topLeft": {
        "x": 19.16666666666667,
        "y": 15.277777777777777
      },
      "topRight": {
        "x": 75.57291666666667,
        "y": 15.277777777777777
      },
      "bottomRight": {
        "x": 75.57291666666667,
        "y": 85.55555555555556
      },
      "bottomLeft": {
        "x": 19.16666666666667,
        "y": 85.55555555555556
      }
    }
  },
  "serverRendering": {
    "encoder": "auto",
    "resolutionPreference": "1080p",
    "fpsTarget": 30,
    "streamFpsCap": 60,
    "streamBitrateMbps": 16,
    "codecPreference": "vp9"
  }
}
