{
  "schema": "tt-beamer.global-defaults.v1",
  "savedAt": "2026-05-23T23:00:46.159Z",
  "source": "runtime-state",
  "audio": {
    "enabled": true,
    "volume": 0.7
  },
  "animationSpeed": 1,
  "diagnosticOverlay": true,
  "projectionMapping": {
    "corners": {
      "topLeft": {
        "x": 19.464045589586416,
        "y": 3.687410762204635
      },
      "topRight": {
        "x": 76.44741274374691,
        "y": 3.687410762204635
      },
      "bottomRight": {
        "x": 76.44741274374691,
        "y": 98.15740746894024
      },
      "bottomLeft": {
        "x": 19.464045589586416,
        "y": 98.15740746894024
      }
    }
  },
  "serverRendering": {
    "encoder": "auto",
    "resolutionPreference": "1080p",
    "fpsTarget": 30,
    "streamFpsCap": 60,
    "streamBitrateMbps": 16
  }
}
